flow_plant_cat,stem_tot,stem_inc,stem_syr,stem_tub,egg_tot,egg_tot_perstem,egg_inc,egg_inc_perstem,egg_syr,egg_syr_perstem,egg_tub,egg_tub_perstem,larv_tot,larv_tot_perstem,larv_inc,larv_inc_perstem,larv_syr,larv_syr_perstem,larv_tub,larv_tub_perstem,pred_tot,pred_tot_perstem,pred_inc,pred_inc_perstem,pred_syr,pred_syr_perstem,pred_tub,pred_tub_perstem
1,946,238,380,328,559,0.590909091,291,1.222689076,237,0.623684211,31,0.094512195,183,0.193446089,50,0.210084034,105,0.276315789,28,0.085365854,911,0.963002114,142,0.596638655,698,1.836842105,71,0.216463415
2,387,130,130,127,83,0.214470284,42,0.323076923,34,0.261538462,7,0.05511811,29,0.074935401,16,0.123076923,9,0.069230769,4,0.031496063,213,0.550387597,39,0.3,160,1.230769231,14,0.11023622
3,390,130,130,130,102,0.261538462,54,0.415384615,48,0.369230769,0,0,58,0.148717949,24,0.184615385,32,0.246153846,2,0.015384615,325,0.833333333,55,0.423076923,242,1.861538462,28,0.215384615
